Id,TitleId,RealName,CharacterName,Role
1,60,Isabel Armstrong,Mustafa Auer,Producer
2,132,Debra Nitzsche,Margaretta King,Costume Designer
3,86,Hope Treutel,Ignatius Sauer,Actress
4,8,Irving Barrows,Elwin Schinner,Music Composer
5,2,Margie Pagac,Dominic Pfeffer,Director
6,50,Emmett Fay,Kaitlin Halvorson,Screenwriter
7,122,Jessie Bernhard,Amie Deckow,Actress
8,145,Crystal Hettinger,Eusebio Marquardt,Film Editor
9,15,Alan Effertz,Wilhelmine Stehr,Director
10,11,Kathy Schmidt,Donavon O'Keefe,Production Designer
11,16,Hazel Parisian,Ila Wilkinson,Director
12,17,Jesus Daugherty,Hugh Hahn,Actress
13,23,Oscar Hickle,Marianne Ebert,Production Designer
14,67,Jean Heathcote,Jany Smith,Cinematographer
15,3,Camille Dooley,Lowell Cormier,Producer
16,40,David Watsica,Jordane Hills,Production Designer
17,73,Dominick Ruecker,Stanley Lang,Producer
18,98,Allison Stamm,Aditya Cremin,Film Editor
19,132,Howard Pagac,Dorcas Cremin,Producer
20,131,Vicki McClure,Felicia Daniel,Actor
21,92,Stephen Wiegand,Mallie Beier,Production Designer
22,127,Genevieve Schmidt,Brooke Mills,Producer
23,18,Victoria Casper,Margot Von,Actress
24,66,Paulette Bashirian,Ava Brakus,Film Editor
25,12,Brent McLaughlin,Terry Smith,Screenwriter
26,36,Miriam Grant,Irving Considine,Director
27,49,Genevieve Raynor,Brendan Conn,Music Composer
28,27,Grady Bartell,Deshawn Kulas,Actress
29,140,Leon Bruen,August Schmeler,Film Editor
30,25,Shannon Schowalter,Maida Anderson,Film Editor
31,140,Juan Larson,Deron Jakubowski,Production Designer
32,94,Brooke Lang,Milo McCullough,Music Composer
33,90,Alton Kunze,Carleton Simonis,Producer
34,70,Jackie Harber,Eli Bashirian,Producer
35,46,Lynda Kihn,Wilhelm Johnston,Film Editor
36,50,Marion Brown,Jerrold Hermann,Cinematographer
37,29,Arthur Bradtke,Peggie Williamson,Production Designer
38,39,Stewart Ruecker,Summer Kuvalis,Production Designer
39,3,Adrian Schaden,Rudolph Pfeffer,Director
40,130,Kimberly Donnelly,Benny Quigley,Cinematographer
41,116,Jessica Jerde,Lucinda Kozey,Production Designer
42,126,Tina Swift,Wyman McKenzie,Cinematographer
43,99,Katie Kuvalis,Kenyon Thompson,Production Designer
44,62,Chelsea Grimes,Sandrine Carroll,Production Designer
45,15,Jose Borer,Sallie Mante,Cinematographer
46,3,Edgar Graham,Grover Waters,Screenwriter
47,46,Dwight Jacobs,Camilla Kreiger,Actress
48,32,Gina Goyette,Noemi Runolfsson,Costume Designer
49,80,Jessie Braun,Noemie Gleason,Screenwriter
50,86,Floyd Hintz,Amir Wisozk,Cinematographer
51,9,Robin Bins,Deondre Goyette,Director
52,133,Fred Schumm,Toby Legros,Actress
53,34,Paulette Kertzmann,Anibal Hyatt,Screenwriter
54,44,Claudia Koss,Jaydon Batz,Actress
55,149,Orville Wunsch,Monica Glover,Film Editor
56,24,Bernadette Hirthe,Deborah McLaughlin,Actor
57,15,Nora Swift,Helga Rodriguez,Producer
58,110,Jose Boyer,Newton Grimes,Cinematographer
59,56,Hector Rohan,Orlo Schultz,Actor
60,86,Melanie Auer,Coralie Heidenreich,Music Composer
61,92,Alton Ziemann,Douglas Balistreri,Costume Designer
62,83,Dana Green,Hortense Kulas,Film Editor
63,70,Amos Gorczany,Charlotte Murphy,Music Composer
64,23,Lula Waelchi,Laura Legros,Costume Designer
65,43,Lionel Hammes,Demario Harber,Actress
66,124,Desiree Wilkinson,Willa Harris,Music Composer
67,132,Tara Gottlieb,Lucio Rosenbaum,Director
68,86,Brenda Hyatt,Sebastian Klein,Screenwriter
69,63,Geraldine Grimes,Frank Goyette,Film Editor
70,12,Lillian Kirlin,Zane Crooks,Costume Designer
71,8,Frederick Bechtelar,Lula Dach,Film Editor
72,42,Tracy Herzog,Kendra Abernathy,Producer
73,66,Willis Dickinson,Rosalee Fisher,Costume Designer
74,96,Julia Bernier,Velma Turcotte,Film Editor
75,42,Marcos Homenick,Elvera Crist,Actor
76,104,Keith Jakubowski,Tristin Willms,Production Designer
77,4,Billy Lind,Jonathon Mayer,Music Composer
78,69,Melinda Rogahn,Bernita Koss,Screenwriter
79,150,Joshua Toy,Rhea Kunde,Costume Designer
80,42,Ida Lakin,Lulu Dickens,Costume Designer
81,115,Terri Hyatt,Madeline Watsica,Screenwriter
82,95,Horace Watsica,Anika Dare,Costume Designer
83,94,Danny Gottlieb,Santa Borer,Actor
84,20,Brandi Leffler,Derick Altenwerth,Music Composer
85,15,Anne Cruickshank,Stephanie Kreiger,Producer
86,62,Steven Nader,John Lubowitz,Production Designer
87,51,Amelia Ankunding,Rylan Carroll,Director
88,11,Winifred Grimes,Norval Ledner,Actress
89,11,Orlando Considine,Luther Mohr,Music Composer
90,24,Margaret Emard,Michele Glover,Music Composer
91,133,Beverly Beatty,Buster O'Connell,Production Designer
92,122,Marion Mayer,Guy Rice,Costume Designer
93,134,Herbert Bode,Giles McGlynn,Production Designer
94,113,Darin Mosciski,Wiley Marks,Actor
95,86,Ashley Jerde,Seamus Effertz,Costume Designer
96,123,Matthew Bashirian,Nikita Wintheiser,Film Editor
97,123,Roger Pouros,Enid Little,Production Designer
98,73,Donna Hintz,Keegan Streich,Music Composer
99,129,Andy Schmitt,Kirstin Dickinson,Film Editor
100,46,Angelica Nicolas,Gina Volkman,Producer
101,81,Laverne Rolfson,Rashad Kohler,Costume Designer
102,41,Kristina Gaylord,Ferne Romaguera,Producer
103,114,Felix Schaefer,Jaunita Pacocha,Actress
104,99,Amelia Carter,Quentin Schinner,Cinematographer
105,59,Loretta Larson,Brennon Cummerata,Film Editor
106,142,Francisco West,Marlee Schaefer,Screenwriter
107,148,Kay Funk,Alvena Abbott,Director
108,92,Jodi Tremblay,Providenci Brown,Screenwriter
109,87,Homer Stehr,Elbert Osinski,Costume Designer
110,42,Debbie Considine,Dora Strosin,Film Editor
111,42,Ebony Rippin,Arlie Von,Production Designer
112,68,Edith Sipes,Libby Corwin,Costume Designer
113,150,Edmond Donnelly,Nelle Pacocha,Actress
114,100,Emmett Volkman,Deshawn Fay,Director
115,36,Harold Rau,Juwan Little,Film Editor
116,35,Brandi Schmitt,Sarina Hilll,Film Editor
117,4,Danielle Hermann,Rebeka Mitchell,Actress
118,4,Natalie Adams,Everette Fay,Producer
119,109,Percy Hettinger,Elise DuBuque,Screenwriter
120,71,Sammy Lindgren,Stacey Wehner,Music Composer
121,6,Kenneth Fahey,Zachariah Miller,Film Editor
122,122,Cathy Murphy,Eulah Hyatt,Actress
123,64,Winston Watsica,Green Grant,Music Composer
124,118,Victor Pouros,Corbin Stanton,Actress
125,22,Stewart Halvorson,Frank Kertzmann,Production Designer
126,27,Rex Toy,Mack Cummerata,Actor
127,22,Holly Bruen,Winifred Powlowski,Cinematographer
128,124,Jody Schultz,Brooke Lueilwitz,Film Editor
129,136,Bryant Goyette,Micaela Shanahan,Production Designer
130,62,Betty Emmerich,Madelyn Hamill,Actress
131,106,Glenda Gulgowski,Johnson Yundt,Producer
132,63,Alex Lebsack,Alford Roberts,Music Composer
133,135,Melvin Mraz,Macy Cassin,Costume Designer
134,75,Laura Little,Lavern Witting,Screenwriter
135,35,Jerry Flatley,Elvie Hudson,Film Editor
136,6,Audrey Lemke,Amy Vandervort,Actress
137,77,Jeannette Hackett,Sharon Gleichner,Screenwriter
138,132,Ruby Stoltenberg,Devin Baumbach,Music Composer
139,123,Lee Bosco,Brady Swaniawski,Costume Designer
140,61,Rosemary Bernier,Cleora Runte,Actress
141,41,Arlene Herzog,Kelvin Schimmel,Costume Designer
142,122,Timmy Grimes,Ted Quitzon,Production Designer
143,119,Troy Simonis,Melissa Ebert,Director
144,58,Josh Bailey,Helena Schumm,Film Editor
145,144,Robyn O'Conner,Ernie McClure,Producer
146,149,Alicia Homenick,Bernhard Brown,Producer
147,14,Jimmie Stiedemann,Rocky Lehner,Music Composer
148,45,Nancy Gaylord,Cory Harvey,Actress
149,131,Kyle Nolan,Lelah Hickle,Costume Designer
150,100,Mitchell Kovacek,Maryam Glover,Screenwriter
